{"cameraMode":{"drawMode":0,"name":"Shaded","section":"Shading Mode"},"sceneLighting":false,"audioPlay":false,"sceneViewState":{"showFog":true,"showMaterialUpdate":false,"showSkybox":true,"showFlares":true,"showImageEffects":true,"showParticleSystems":true},"in2DMode":false,"pivot":{"x":1.2286005020141602,"y":11.32730484008789,"z":2.0066442489624025},"rotation":{"x":-0.7521942257881165,"y":0.0033549147192388775,"z":-0.003830321365967393,"w":-0.6589218378067017},"size":-1.0641109943389893,"orthographic":false}