{"cameraMode":{"drawMode":0,"name":"Shaded","section":"Shading Mode"},"sceneLighting":true,"audioPlay":false,"sceneViewState":{"showFog":true,"showMaterialUpdate":false,"showSkybox":true,"showFlares":true,"showImageEffects":true,"showParticleSystems":true},"in2DMode":false,"pivot":{"x":-1.2146559953689576,"y":1.5331611633300782,"z":0.390963077545166},"rotation":{"x":-0.5611717700958252,"y":0.004710797220468521,"z":-0.00319436052814126,"w":-0.8276798129081726},"size":17.94647979736328,"orthographic":false}